
    {
        "mean_rr":0.6426,
        "sdnn":0.1868963349,
        "rmssd":0.3367744052,
        "nn50":3,
        "pnn50":0.6,
        "lf_band":0.0,
        "hf_band":0.0,
        "lf_hf_ratio":null,
        "sample_id":"f70c1033-36ae-4b8b-8b89-099a96dccca5",
        "subject_id":"participant_1",
        "window_id":0,
        "w_start_time":1684883981335,
        "W_end_time":1684883984999
    }

    {
        "mean_rr":0.34825,
        "sdnn":0.1538733922,
        "rmssd":0.2707664206,
        "nn50":7,
        "pnn50":0.5833333333,
        "lf_band":0.0,
        "hf_band":0.0,
        "lf_hf_ratio":null,
        "sample_id":"f70c1033-36ae-4b8b-8b89-099a96dccca5",
        "subject_id":"participant_1",
        "window_id":1,
        "w_start_time":1684883985000,
        "W_end_time":1684883989999
    }

    {
        "mean_rr":0.3925454545,
        "sdnn":0.1174907065,
        "rmssd":0.1696794036,
        "nn50":8,
        "pnn50":0.7272727273,
        "lf_band":0.0,
        "hf_band":0.0,
        "lf_hf_ratio":null,
        "sample_id":"f70c1033-36ae-4b8b-8b89-099a96dccca5",
        "subject_id":"participant_1",
        "window_id":2,
        "w_start_time":1684883990000,
        "W_end_time":1684883994999
    }

    {
        "mean_rr":0.4494,
        "sdnn":0.1636583026,
        "rmssd":0.1847289305,
        "nn50":8,
        "pnn50":0.8,
        "lf_band":0.0,
        "hf_band":0.0,
        "lf_hf_ratio":null,
        "sample_id":"f70c1033-36ae-4b8b-8b89-099a96dccca5",
        "subject_id":"participant_1",
        "window_id":3,
        "w_start_time":1684883995000,
        "W_end_time":1684883999999
    }

    {
        "mean_rr":0.36775,
        "sdnn":0.1652125525,
        "rmssd":0.2714782764,
        "nn50":11,
        "pnn50":0.9166666667,
        "lf_band":0.0,
        "hf_band":0.0,
        "lf_hf_ratio":null,
        "sample_id":"f70c1033-36ae-4b8b-8b89-099a96dccca5",
        "subject_id":"participant_1",
        "window_id":4,
        "w_start_time":1684884000000,
        "W_end_time":1684884004999
    }

    {
        "mean_rr":0.4019090909,
        "sdnn":0.1344676065,
        "rmssd":0.2195750441,
        "nn50":8,
        "pnn50":0.7272727273,
        "lf_band":0.0,
        "hf_band":0.0,
        "lf_hf_ratio":null,
        "sample_id":"f70c1033-36ae-4b8b-8b89-099a96dccca5",
        "subject_id":"participant_1",
        "window_id":5,
        "w_start_time":1684884005000,
        "W_end_time":1684884009999
    }

    {
        "mean_rr":0.294875,
        "sdnn":0.1311939761,
        "rmssd":0.2000831494,
        "nn50":12,
        "pnn50":0.75,
        "lf_band":0.0,
        "hf_band":0.0,
        "lf_hf_ratio":null,
        "sample_id":"f70c1033-36ae-4b8b-8b89-099a96dccca5",
        "subject_id":"participant_1",
        "window_id":6,
        "w_start_time":1684884010000,
        "W_end_time":1684884014999
    }

    {
        "mean_rr":0.3981818182,
        "sdnn":0.1838427283,
        "rmssd":0.2478469286,
        "nn50":9,
        "pnn50":0.8181818182,
        "lf_band":0.0,
        "hf_band":0.0,
        "lf_hf_ratio":null,
        "sample_id":"f70c1033-36ae-4b8b-8b89-099a96dccca5",
        "subject_id":"participant_1",
        "window_id":7,
        "w_start_time":1684884015000,
        "W_end_time":1684884019999
    }

    {
        "mean_rr":0.3724615385,
        "sdnn":0.1498171272,
        "rmssd":0.1884980106,
        "nn50":8,
        "pnn50":0.6153846154,
        "lf_band":0.0,
        "hf_band":0.0,
        "lf_hf_ratio":null,
        "sample_id":"f70c1033-36ae-4b8b-8b89-099a96dccca5",
        "subject_id":"participant_1",
        "window_id":8,
        "w_start_time":1684884020000,
        "W_end_time":1684884024999
    }

    {
        "mean_rr":0.4393,
        "sdnn":0.1392702768,
        "rmssd":0.1886442861,
        "nn50":9,
        "pnn50":0.9,
        "lf_band":0.0,
        "hf_band":0.0,
        "lf_hf_ratio":null,
        "sample_id":"f70c1033-36ae-4b8b-8b89-099a96dccca5",
        "subject_id":"participant_1",
        "window_id":9,
        "w_start_time":1684884025000,
        "W_end_time":1684884029999
    }

    {
        "mean_rr":0.4713,
        "sdnn":0.2650037924,
        "rmssd":0.3332879969,
        "nn50":8,
        "pnn50":0.8,
        "lf_band":0.0,
        "hf_band":0.0,
        "lf_hf_ratio":null,
        "sample_id":"f70c1033-36ae-4b8b-8b89-099a96dccca5",
        "subject_id":"participant_1",
        "window_id":10,
        "w_start_time":1684884030000,
        "W_end_time":1684884034999
    }

    {
        "mean_rr":0.3849166667,
        "sdnn":0.1407506414,
        "rmssd":0.2590101788,
        "nn50":9,
        "pnn50":0.75,
        "lf_band":0.0,
        "hf_band":0.0,
        "lf_hf_ratio":null,
        "sample_id":"f70c1033-36ae-4b8b-8b89-099a96dccca5",
        "subject_id":"participant_1",
        "window_id":11,
        "w_start_time":1684884035000,
        "W_end_time":1684884039999
    }

    {
        "mean_rr":0.3193333333,
        "sdnn":0.0835078173,
        "rmssd":0.1743932338,
        "nn50":2,
        "pnn50":0.6666666667,
        "lf_band":0.0,
        "hf_band":0.0,
        "lf_hf_ratio":null,
        "sample_id":"f70c1033-36ae-4b8b-8b89-099a96dccca5",
        "subject_id":"participant_1",
        "window_id":12,
        "w_start_time":1684884040000,
        "W_end_time":1684884041334
    }

